{
    "model_name": "Titanic_Classifier_xgboost",
    "accuracy": 0.7761194029850746,
    "precision": 0.7732349488512493,
    "recall": 0.7761194029850746,
    "f1": 0.7730280284623395,
    "prediction_time_sec": 0.0023348331451416016,
    "classification_report": {
        "0": {
            "precision": 0.797752808988764,
            "recall": 0.8554216867469879,
            "f1-score": 0.8255813953488372,
            "support": 83.0
        },
        "1": {
            "precision": 0.7333333333333333,
            "recall": 0.6470588235294118,
            "f1-score": 0.6875,
            "support": 51.0
        },
        "accuracy": 0.7761194029850746,
        "macro avg": {
            "precision": 0.7655430711610487,
            "recall": 0.7512402551381998,
            "f1-score": 0.7565406976744187,
            "support": 134.0
        },
        "weighted avg": {
            "precision": 0.7732349488512493,
            "recall": 0.7761194029850746,
            "f1-score": 0.7730280284623395,
            "support": 134.0
        }
    }
}