{
    "model_name": "Titanic_Classifier_xgboost",
    "accuracy": 0.746268656716418,
    "precision": 0.7419966357835154,
    "recall": 0.746268656716418,
    "f1": 0.7413044827221194,
    "prediction_time_sec": 0.0019729137420654297,
    "classification_report": {
        "0": {
            "precision": 0.7692307692307693,
            "recall": 0.8433734939759037,
            "f1-score": 0.8045977011494253,
            "support": 83.0
        },
        "1": {
            "precision": 0.6976744186046512,
            "recall": 0.5882352941176471,
            "f1-score": 0.6382978723404256,
            "support": 51.0
        },
        "accuracy": 0.746268656716418,
        "macro avg": {
            "precision": 0.7334525939177102,
            "recall": 0.7158043940467753,
            "f1-score": 0.7214477867449254,
            "support": 134.0
        },
        "weighted avg": {
            "precision": 0.7419966357835154,
            "recall": 0.746268656716418,
            "f1-score": 0.7413044827221194,
            "support": 134.0
        }
    }
}