{
    "model_name": "Titanic_Classifier_xgboost",
    "accuracy": 0.746268656716418,
    "precision": 0.7426914012931295,
    "recall": 0.746268656716418,
    "f1": 0.7379059757392811,
    "prediction_time_sec": 0.0017611980438232422,
    "classification_report": {
        "0": {
            "precision": 0.7578947368421053,
            "recall": 0.8674698795180723,
            "f1-score": 0.8089887640449438,
            "support": 83.0
        },
        "1": {
            "precision": 0.717948717948718,
            "recall": 0.5490196078431373,
            "f1-score": 0.6222222222222222,
            "support": 51.0
        },
        "accuracy": 0.746268656716418,
        "macro avg": {
            "precision": 0.7379217273954116,
            "recall": 0.7082447436806047,
            "f1-score": 0.715605493133583,
            "support": 134.0
        },
        "weighted avg": {
            "precision": 0.7426914012931295,
            "recall": 0.746268656716418,
            "f1-score": 0.7379059757392811,
            "support": 134.0
        }
    }
}