{
    "model_name": "Titanic_Classifier_random_forest",
    "accuracy": 0.7611940298507462,
    "precision": 0.7605535986825416,
    "recall": 0.7611940298507462,
    "f1": 0.7514849992461933,
    "prediction_time_sec": 0.015923500061035156,
    "classification_report": {
        "0": {
            "precision": 0.7628865979381443,
            "recall": 0.891566265060241,
            "f1-score": 0.8222222222222222,
            "support": 83.0
        },
        "1": {
            "precision": 0.7567567567567568,
            "recall": 0.5490196078431373,
            "f1-score": 0.6363636363636364,
            "support": 51.0
        },
        "accuracy": 0.7611940298507462,
        "macro avg": {
            "precision": 0.7598216773474505,
            "recall": 0.7202929364516891,
            "f1-score": 0.7292929292929293,
            "support": 134.0
        },
        "weighted avg": {
            "precision": 0.7605535986825416,
            "recall": 0.7611940298507462,
            "f1-score": 0.7514849992461933,
            "support": 134.0
        }
    }
}