{
    "model_name": "Titanic_Classifier_random_forest",
    "accuracy": 0.8059701492537313,
    "precision": 0.8078071182548795,
    "recall": 0.8059701492537313,
    "f1": 0.7995751579182737,
    "prediction_time_sec": 0.03130316734313965,
    "classification_report": {
        "0": {
            "precision": 0.8,
            "recall": 0.9156626506024096,
            "f1-score": 0.8539325842696629,
            "support": 83.0
        },
        "1": {
            "precision": 0.8205128205128205,
            "recall": 0.6274509803921569,
            "f1-score": 0.7111111111111111,
            "support": 51.0
        },
        "accuracy": 0.8059701492537313,
        "macro avg": {
            "precision": 0.8102564102564103,
            "recall": 0.7715568154972832,
            "f1-score": 0.782521847690387,
            "support": 134.0
        },
        "weighted avg": {
            "precision": 0.8078071182548795,
            "recall": 0.8059701492537313,
            "f1-score": 0.7995751579182737,
            "support": 134.0
        }
    }
}