{
    "model_name": "Titanic_Classifier_random_forest",
    "accuracy": 0.7835820895522388,
    "precision": 0.7869453751649914,
    "recall": 0.7835820895522388,
    "f1": 0.7738929661086831,
    "prediction_time_sec": 0.035784244537353516,
    "classification_report": {
        "0": {
            "precision": 0.7755102040816326,
            "recall": 0.9156626506024096,
            "f1-score": 0.8397790055248618,
            "support": 83.0
        },
        "1": {
            "precision": 0.8055555555555556,
            "recall": 0.5686274509803921,
            "f1-score": 0.6666666666666666,
            "support": 51.0
        },
        "accuracy": 0.7835820895522388,
        "macro avg": {
            "precision": 0.7905328798185941,
            "recall": 0.7421450507914009,
            "f1-score": 0.7532228360957642,
            "support": 134.0
        },
        "weighted avg": {
            "precision": 0.7869453751649914,
            "recall": 0.7835820895522388,
            "f1-score": 0.7738929661086831,
            "support": 134.0
        }
    }
}