{
    "model_name": "Titanic_Classifier_random_forest",
    "accuracy": 0.7761194029850746,
    "precision": 0.77722560227561,
    "recall": 0.7761194029850746,
    "f1": 0.7670171867933062,
    "prediction_time_sec": 0.026578426361083984,
    "classification_report": {
        "0": {
            "precision": 0.7731958762886598,
            "recall": 0.9036144578313253,
            "f1-score": 0.8333333333333334,
            "support": 83.0
        },
        "1": {
            "precision": 0.7837837837837838,
            "recall": 0.5686274509803921,
            "f1-score": 0.6590909090909091,
            "support": 51.0
        },
        "accuracy": 0.7761194029850746,
        "macro avg": {
            "precision": 0.7784898300362217,
            "recall": 0.7361209544058587,
            "f1-score": 0.7462121212121212,
            "support": 134.0
        },
        "weighted avg": {
            "precision": 0.77722560227561,
            "recall": 0.7761194029850746,
            "f1-score": 0.7670171867933062,
            "support": 134.0
        }
    }
}