{
    "model_name": "Titanic_Classifier_random_forest",
    "accuracy": 0.7985074626865671,
    "precision": 0.8008477350091646,
    "recall": 0.7985074626865671,
    "f1": 0.7911084836941399,
    "prediction_time_sec": 0.01146841049194336,
    "classification_report": {
        "0": {
            "precision": 0.7916666666666666,
            "recall": 0.9156626506024096,
            "f1-score": 0.8491620111731844,
            "support": 83.0
        },
        "1": {
            "precision": 0.8157894736842105,
            "recall": 0.6078431372549019,
            "f1-score": 0.6966292134831461,
            "support": 51.0
        },
        "accuracy": 0.7985074626865671,
        "macro avg": {
            "precision": 0.8037280701754386,
            "recall": 0.7617528939286557,
            "f1-score": 0.7728956123281652,
            "support": 134.0
        },
        "weighted avg": {
            "precision": 0.8008477350091646,
            "recall": 0.7985074626865671,
            "f1-score": 0.7911084836941399,
            "support": 134.0
        }
    }
}