{
    "model_name": "Titanic_Classifier_xgbclassifier",
    "accuracy": 0.7835820895522388,
    "precision": 0.7809701492537314,
    "recall": 0.7835820895522388,
    "f1": 0.7799871951468699,
    "prediction_time_sec": 0.020179271697998047,
    "classification_report": {
        "0": {
            "precision": 0.8,
            "recall": 0.8674698795180723,
            "f1-score": 0.8323699421965318,
            "support": 83.0
        },
        "1": {
            "precision": 0.75,
            "recall": 0.6470588235294118,
            "f1-score": 0.6947368421052632,
            "support": 51.0
        },
        "accuracy": 0.7835820895522388,
        "macro avg": {
            "precision": 0.775,
            "recall": 0.757264351523742,
            "f1-score": 0.7635533921508975,
            "support": 134.0
        },
        "weighted avg": {
            "precision": 0.7809701492537314,
            "recall": 0.7835820895522388,
            "f1-score": 0.7799871951468699,
            "support": 134.0
        }
    }
}