{
    "model_name": "Titanic_Classifier",
    "accuracy": 0.7910447761194029,
    "precision": 0.7899096179214079,
    "recall": 0.7910447761194029,
    "f1": 0.7856247419031326,
    "prediction_time_sec": 0.013150453567504883,
    "classification_report": {
        "0": {
            "precision": 0.7956989247311828,
            "recall": 0.891566265060241,
            "f1-score": 0.8409090909090909,
            "support": 83.0
        },
        "1": {
            "precision": 0.7804878048780488,
            "recall": 0.6274509803921569,
            "f1-score": 0.6956521739130435,
            "support": 51.0
        },
        "accuracy": 0.7910447761194029,
        "macro avg": {
            "precision": 0.7880933648046158,
            "recall": 0.7595086227261989,
            "f1-score": 0.7682806324110671,
            "support": 134.0
        },
        "weighted avg": {
            "precision": 0.7899096179214079,
            "recall": 0.7910447761194029,
            "f1-score": 0.7856247419031326,
            "support": 134.0
        }
    }
}