{
    "model_name": "Titanic_Classifier",
    "accuracy": 0.7686567164179104,
    "precision": 0.7729850746268656,
    "recall": 0.7686567164179104,
    "f1": 0.7562678411222576,
    "prediction_time_sec": 0.01618170738220215,
    "classification_report": {
        "0": {
            "precision": 0.76,
            "recall": 0.9156626506024096,
            "f1-score": 0.8306010928961749,
            "support": 83.0
        },
        "1": {
            "precision": 0.7941176470588235,
            "recall": 0.5294117647058824,
            "f1-score": 0.6352941176470588,
            "support": 51.0
        },
        "accuracy": 0.7686567164179104,
        "macro avg": {
            "precision": 0.7770588235294118,
            "recall": 0.722537207654146,
            "f1-score": 0.7329476052716168,
            "support": 134.0
        },
        "weighted avg": {
            "precision": 0.7729850746268656,
            "recall": 0.7686567164179104,
            "f1-score": 0.7562678411222576,
            "support": 134.0
        }
    }
}